{
  "definition": {
    "$schema": "https://schema.management.azure.com/providers/Microsoft.Logic/schemas/2016-06-01/workflowdefinition.json#",
    "contentVersion": "1.0.0.0",
    "actions": {
      "List_all_the_blobs_using_path": {
        "type": "ServiceProvider",
        "inputs": {
          "parameters": {
            "containerName": "log-files-container"
          },
          "serviceProviderConfiguration": {
            "connectionName": "AzureBlob",
            "operationId": "listBlobs",
            "serviceProviderId": "/serviceProviders/AzureBlob"
          }
        },
        "runAfter": {}
      },
      "For_each": {
        "type": "foreach",
        "foreach": "@outputs('List_all_the_blobs_using_path')?['body']?['blobs']",
        "actions": {
          "Get_blob_content_(V2)": {
            "type": "ApiConnection",
            "inputs": {
              "host": {
                "connection": {
                  "referenceName": "azureblob-1"
                }
              },
              "method": "get",
              "path": "/v2/datasets/@{encodeURIComponent(encodeURIComponent('AccountNameFromSettings'))}/files/@{encodeURIComponent(encodeURIComponent(items('For_each')?['blobFullPathWithContainer']))}/content",
              "queries": {
                "inferContentType": true
              }
            },
            "metadata": {
              "JTJmbG9nLWZpbGVzLWNvbnRhaW5lciUyZjAyNjMxLWljb24tc2VydmljZS1Mb2dpYy1BcHBzLnBuZw==": "/log-files-container/02631-icon-service-Logic-Apps.png",
              "JTJmbG9nLWZpbGVzLWNvbnRhaW5lciUyZjEwMDc2LWljb24tc2VydmljZS1BcHBsaWNhdGlvbi1HYXRld2F5cy5wbmc=": "/log-files-container/10076-icon-service-Application-Gateways.png",
              "JTJmbG9nLWZpbGVzLWNvbnRhaW5lciUyZmRvd25sb2FkLnBuZw==": "/log-files-container/download.png",
              "JTJmbG9nLWZpbGVzLWNvbnRhaW5lciUyZjEwMDAyLWljb24tc2VydmljZS1TdWJzY3JpcHRpb25zLnBuZw==": "/log-files-container/10002-icon-service-Subscriptions.png"
            }
          },
          "Create_file": {
            "type": "ServiceProvider",
            "inputs": {
              "parameters": {
                "folderPath": "/log-files/copied-files",
                "fileName": "@item()?['name']",
                "fileContent": "@body('Get_blob_content_(V2)')",
                "overwrite": true
              },
              "serviceProviderConfiguration": {
                "connectionName": "AzureFile",
                "operationId": "createFile",
                "serviceProviderId": "/serviceProviders/AzureFile"
              }
            },
            "runAfter": {
              "Get_blob_content_(V2)": [
                "SUCCEEDED"
              ]
            }
          }
        },
        "runAfter": {
          "List_all_the_blobs_using_path": [
            "SUCCEEDED"
          ]
        }
      }
    },
    "outputs": {},
    "triggers": {
      "When_a_blob_is_added_or_updated": {
        "type": "ServiceProvider",
        "inputs": {
          "parameters": {
            "path": "log-files-container"
          },
          "serviceProviderConfiguration": {
            "connectionName": "AzureBlob",
            "operationId": "whenABlobIsAddedOrModified",
            "serviceProviderId": "/serviceProviders/AzureBlob"
          }
        },
        "conditions": []
      }
    }
  },
  "kind": "Stateful",
  "metadata": {}
}