{
  "serviceProviderConnections": {
    "AzureBlob": {
      "parameterValues": {
        "connectionString": "@appsetting('AzureBlob_connectionString')"
      },
      "parameterSetName": "connectionString",
      "serviceProvider": {
        "id": "/serviceProviders/AzureBlob"
      },
      "displayName": "new_conn_8bc70"
    },
    "AzureFile": {
      "parameterValues": {
        "connectionString": "@appsetting('AzureFile_connectionString')"
      },
      "parameterSetName": "connectionString",
      "serviceProvider": {
        "id": "/serviceProviders/AzureFile"
      },
      "displayName": "new_conn_4dbbe"
    }
  },
  "managedApiConnections": {
    "azureblob-1": {
      "api": {
        "id": "/subscriptions/04ebb01e-041c-450b-809b-d392b569a382/providers/Microsoft.Web/locations/centralindia/managedApis/azureblob"
      },
      "connection": {
        "id": "/subscriptions/04ebb01e-041c-450b-809b-d392b569a382/resourceGroups/DefaultResourceGroup-null/providers/Microsoft.Web/connections/azureblob-1"
      },
      "authentication": {
        "type": "ManagedServiceIdentity"
      },
      "connectionRuntimeUrl": "https://086f5fe107636856.07.common.logic-centralindia.azure-apihub.net/apim/azureblob/c4b1aaa3a5064253a5fff3fb8bba0d8f"
    },
    "azuredatalake": {
      "api": {
        "id": "/subscriptions/04ebb01e-041c-450b-809b-d392b569a382/providers/Microsoft.Web/locations/centralindia/managedApis/azuredatalake"
      },
      "connection": {
        "id": "/subscriptions/04ebb01e-041c-450b-809b-d392b569a382/resourceGroups/DefaultResourceGroup-null/providers/Microsoft.Web/connections/azuredatalake"
      },
      "authentication": {
        "type": "ManagedServiceIdentity"
      },
      "connectionRuntimeUrl": "https://086f5fe107636856.07.common.logic-centralindia.azure-apihub.net/apim/azuredatalake/c094429138804ecea314be5f1f442330",
      "connectionProperties": {
        "authentication": {
          "type": "ManagedServiceIdentity",
          "audience": "https://management.core.windows.net/"
        }
      }
    }
  }
}