{
  "IsEncrypted": false,
  "Values": {
    "FUNCTIONS_EXTENSION_VERSION": "~4",
    "WEBSITE_CONTENTAZUREFILECONNECTIONSTRING": "DefaultEndpointsProtocol=https;AccountName=defaultresourcegrou84df;AccountKey=R+2tLkwzbFfCmSmhsrZ9NjxYMQMONWntmLfqvvZHY4mgjHwPYelIywQwBXBa4NyO6aUUhw55MP2y+ASts8gkKg==;EndpointSuffix=core.windows.net",
    "WEBSITE_SITE_NAME": "FileMover",
    "FUNCTIONS_WORKER_RUNTIME": "dotnet",
    "APP_KIND": "workflowApp",
    "WEBSITE_AUTH_ENABLED": "False",
    "AzureFunctionsJobHost__extensionBundle__id": "Microsoft.Azure.Functions.ExtensionBundle.Workflows",
    "ScmType": "None",
    "LOGIC_APPS_POWERSHELL_VERSION": "7.4",
    "WEBSITE_CONTENTSHARE": "filemover860f",
    "AzureWebJobsStorage": "DefaultEndpointsProtocol=https;AccountName=defaultresourcegrou84df;AccountKey=R+2tLkwzbFfCmSmhsrZ9NjxYMQMONWntmLfqvvZHY4mgjHwPYelIywQwBXBa4NyO6aUUhw55MP2y+ASts8gkKg==;EndpointSuffix=core.windows.net",
    "FUNCTIONS_RUNTIME_SCALE_MONITORING_ENABLED": "1",
    "AzureFunctionsJobHost__extensionBundle__version": "[1.*, 2.0.0)",
    "AzureFile_connectionString": "DefaultEndpointsProtocol=https;AccountName=filestorageacount;AccountKey=fKPFcN8Jmr8b8iNJLtpBJUlaJK/PVH+qO03jMqfstdLtoTgVcBK5JwiE5boXh0b5KZyDk1X09yVI+AStGLdHIA==;EndpointSuffix=core.windows.net",
    "WEBSITE_SLOT_NAME": "Production",
    "AzureBlob_connectionString": "DefaultEndpointsProtocol=https;AccountName=blobstorageaccount159;AccountKey=1g9ogZe/TzDBBNYoy63n+CQ4UU4KHYd0ZMjJAR3WanQwla2GMfViyWBQS57xyc7xncuQO6E2uR+s+ASt1LeM4w==;EndpointSuffix=core.windows.net",
    "APPLICATIONINSIGHTS_CONNECTION_STRING": "InstrumentationKey=05376fe3-bab9-4603-84dd-080ec433cd53;IngestionEndpoint=https://centralindia-0.in.applicationinsights.azure.com/;LiveEndpoint=https://centralindia.livediagnostics.monitor.azure.com/;ApplicationId=ca1bbf6d-607d-4b06-91b8-15f8747c3f1c",
    "WEBSITE_NODE_DEFAULT_VERSION": "20.20.0",
    "WEBSITE_DEFAULT_HOSTNAME": "filemover-fqgtbzc3gagjaggx.centralindia-01.azurewebsites.net",
    "FUNCTIONS_INPROC_NET8_ENABLED": "1"
  }
}